variables,expected_output,metadata
"{""input"": ""Can the Cyclone Rake hook up to the John Deere Power Flow Bagger?""}","We have some customers successfully connect the Cyclone Rake to the John Deere Power Flow Bagger, but we would recommend our MDA instead for the easiest connection. It's possible to do, but tricky and may require some extra parts that we don't supply. When you separate the chute from the outlet of the power flow blower the opening is rectangular, and also the neck does not protrude that much, so overlapping and securing securing the round hose is a bit difficult. On the other hand, it is a bit of a pain in the neck to remove and re-attach the power flow system on and off the deck when you want. It is a belt driven mechanism, and requires a bit of work.","{""id"": ""Q - 226""}"
"{""input"": ""Can I convert my Commander to use the Commercial Pro Bag?""}","Unfortunately, the Commander model you currently have will not accommodate the larger 415 gallon collector bag. The chassis is too small and there would be many components needed to convert it to the larger bag style. While we understand the 415 gallon capacity could be more accommodating for you, we do not recommended converting the Commander model you have. Down the road, if you have any questions about our larger units or would like information with current pricing, we would be glad to help you!","{""id"": ""Q - 205""}"
"{""input"": ""What is the part number for Replacement Chassis for #101 - Standard Complete Platinum Standard Platinum?""}",Part #01-01-600A --Chassis Unit Complete (31- 3/4 inches wide),"{""id"": ""Q - 178""}"
"{""input"": ""Do the engines have a valve seat?""}","Yes, sort of. There is a metal ring that is pressed into the cylinder head that the valve rests on when it is in the closed position. This is not a common problem for these engines. This is not a replaceable part - Briggs recommends replacing the entire head.","{""id"": ""Q - 234""}"
"{""input"": ""What is the part number for replacement Engine for a                    104 - Commercial PRO Commercial Pro?""}",Part #01-04-158 -- Briggs & Stratton XR950 PRO Engine Upgrade Kit                                                                                                                                                                             Part #01-04-306 -- Briggs & Stratton 6.5HP Vanguard Cyclonic Upgrade Kit,"{""id"": ""Q - 167""}"
"{""input"": ""What is the part number for replacement Engine for a                    107 - Commercial PRO JetPath Commercial Pro?""}",Part #01-04-158 -- Briggs & Stratton XR950 PRO Engine Upgrade Kit                                                                                                                                                                             Part #01-04-306 -- Briggs & Stratton 6.5HP Vanguard Cyclonic Upgrade Kit,"{""id"": ""Q - 168""}"
"{""input"": ""What is the Difference between the XR950 and 6.5HP Cyclonic Vanguard?""}","Both the Briggs & Stratton XR950-PRO and the 6.5HP Cyclonic Vanguard engines deliver excellent performance for your Cyclone Rake. However, the Vanguard engine offers several premium features that may enhance your experience.

Key Advantages of the XR950-PRO Engine:

1. 9.50 ft-lbs Gross Torque for reliable power and performance
2. 208cc displacement for efficient operation
3. Compact and lightweight design (Approx. 35.5 lbs) for ease of use

Key Advantages of the 6.5HP Cyclonic Vanguard Engine:

1. Extended 3-year warranty (compared to 2 years with XR950-PRO)
2. Transport Guard‚Ñ¢ System prevents oil and fuel mixing during transport
3. High-capacity air cleaner for enhanced filtration and engine protection
4. Low-tone muffler system for quieter operation
5. Commercial-grade carburetor for improved fuel efficiency and consistent performance

Both engines are designed to power your Cyclone Rake effectively, but the Vanguard engine includes additional premium features that offer increased durability and convenience.","{""id"": ""Q - 230""}"
"{""input"": ""Can the Cyclone Rake connect to a Ventrac mower?""}","While it is theoretically possible to connect the Cyclone Rake to a Ventrac mower, we strongly advise against it. We can connect the hitch, MDA, and deck hose to the mower, but you will not be able to make a left-hand turn and turning right will be difficult. A hanger bracket will need to be manufactured and the overall length makes it cumbersome. Based on customer feedback, we do not recommend connecting to this mower. (One of our customers needed 14 feet of hose to use the Cyclone Rake).

You could use a longer hose, but you would have to pay extra for additional hose, and it undercuts the fundamental design of the Cyclone Rake. Not only does the dual pin hitch allow a rigid mount, and makes it impossible to jackknife, it also allows us to use the shortest, and straightest length of deck hose possible. The dual pin hitch allows us to use a fixed length of hose, all but eliminating the opportunity for the clogging and hassle you see in other machines with long, winding hoses. Having the mower articulate would defeat the purpose of our design.","{""id"": ""Q - 224""}"
"{""input"": ""What is the part number for  New Three Piece Side Tubes (Aug 2023)?""}",Part #01-03-2195-Set of 1 Three Piece Side Tubes                                                                                                                                                                                                                                             Part #01-03-2196-Set of 2 Three Piece Side Tubes,"{""id"": ""Q - 179""}"
"{""input"": ""What is the part number for Replacement Exit Chute #101 - Standard Complete Platinum Standard Platinum""}",Part #01-02-077 -- Standard Platinum Exit Chute,"{""id"": ""Q - 175""}"
"{""input"": ""Can I use the 3rd Wheel Jackstand with a different leaf and lawn vacuum or cart?""}","Our 3rd Wheel Jackstand was designed specifically for the Cyclone Rake only. We don't know how it would work with other leaf and lawn vacuum systems or on a separate cart, but you can check out the instructions below to get an idea of how it attaches on the Cyclone Rake. Keep in mind the 3rd Wheel Jackstand is for storage purposes only!","{""id"": ""Q - 220""}"
"{""input"": ""Rear wheel rubber boot torn for 109 - Commander. What is the replacement for this part?""}",The replacement part is 02-04-700A.,"{""id"": ""Q - 005""}"
"{""input"": ""Is this part under warranty?""}","Yes, we provide 2 years of warranty and this vacuum is still applicable.","{""id"": ""Q - 006""}"
"{""input"": ""Lawn-and-leaf vacuum for a 1-acre property that is battery-operated with self-propelling features.""}","Thank you for reaching out to us with your question! I am happy to help you.

While the Cyclone Rake lineup is known for its power and high-capacity vacuuming (especially for properties your size), all Cyclone Rake models are tow-behind units powered by gas engines, and not battery-operated or self-propelled in the traditional walk-behind sense.

That said, here‚Äôs what I‚Äôd recommend based on your needs:

For Larger Properties Like Yours:
Cyclone Rake Commander or Commercial PRO: These models are great for 1-acre+ properties and tow behind your riding mower or zero-turn.

They don‚Äôt require pushing or walking‚Äîyour mower does all the work.

They come with powerful Briggs & Stratton engines, large capacity, and excellent suction for leaves, pine needles, and debris.

While not battery-powered, they save time and physical effort, and outperform most walk-behind vacuums in terms of debris volume and speed.

If you're set on a battery-powered, walk-behind unit, those are typically best suited for smaller yards or spot cleanup. We don‚Äôt currently manufacture that type of unit, but we focus on higher-capacity vacuum systems for serious yard work.","{""id"": ""Q - 007""}"
"{""input"": ""What is the status of my order? Order #174892 Shipping Delay""}","Thanks for reaching out about your order status! I'm happy to help you with this.

I looked into your order #174892 and saw that it's currently experiencing a shipping delay. I know how frustrating that can be, and I‚Äôm sorry for the inconvenience.

Our shipping manager will be reaching out to FedEx right away to get a clearer picture of what‚Äôs causing the holdup. As soon as we hear back, we‚Äôll follow up with you directly with an update on the status and expected delivery.

Thanks for your patience, and we‚Äôll be in touch very soon!","{""id"": ""Q - 010""}"
"{""input"": ""My Hawk V-Twin 720 is making a loud clicking sound when I start it. It still runs, but I‚Äôm concerned it might cause damage. Is the loud clicking sound on my new 107 - Commercial Pro 8"" Jetpath normal?""}","hanks for reaching out with your question! I‚Äôm happy to clarify this for you.

The Hawk V-Twin 720 is not an engine that came with your 107 ‚Äì Commercial PRO Cyclone Rake, and it‚Äôs not a product we offer or support. Because of that, we‚Äôre not able to troubleshoot or diagnose any engine-related issues with it.

If you're concerned about the loud clicking sound, we recommend contacting the engine manufacturer or a qualified service technician who‚Äôs familiar with that brand.

If you ever have questions about your Cyclone Rake or its components, I‚Äôm always happy to help with that!","{""id"": ""Q - 011""}"
"{""input"": ""How can I check warranty status for my 102 - Commercial?""}","Thank you so much for reaching out with your question! I'm happy to help you with this.

Since you purchased your 110 ‚Äì Commercial PRO in June 2023 and it‚Äôs equipped with the XR960 PRO engine, your unit is covered by a 2-year warranty from the date of purchase. Even if you can‚Äôt find your receipt, you‚Äôre still within that warranty window.

If you'd like, we can:

Email you a copy of your original invoice for your records, or

You can log into your account on our website to view your past orders and warranty details.

Here‚Äôs a helpful article that outlines what‚Äôs included in your coverage:
Understanding Your Cyclone Rake Warranty Coverage

Just let me know how you‚Äôd like to proceed‚Äîwe‚Äôre happy to help either way!","{""id"": ""Q - 014""}"
"{""input"": ""Could this be a faulty switch on my 112 - Z-10*?""}","Thanks for contacting us about your Cyclone Rake technical issue! I'll get you back up and running quickly.

If you‚Äôre pressing the power button on your 112 ‚Äì Z-10 and getting no response at all, even with a fully charged battery, here‚Äôs what to check first:

Key things to inspect:
Battery Charge: You‚Äôve already confirmed it‚Äôs fully charged‚Äîgreat first step.

Fuel Lever: Make sure it's pushed to the right‚Äîthis is the ‚ÄúON‚Äù position.

Wiring Connections: Check that all harnesses are properly secured:

Engine Harness:

Red wire to solenoid

Black wire grounded to engine block

Both should meet at a grey connector

Battery Harness:

Red to (+) terminal, black to (‚Äì)

Also meeting at a grey connector

If the engine starts by pull start, the battery shows proper voltage, and you‚Äôve confirmed good connectivity across the solenoid, then yes‚Äîit‚Äôs very possible the issue is with the key start switch itself. In that case, replacing it with the Key and Switch Assembly (part #01-02-1978) should solve the problem.

For more details on checking the solenoid, see this article:
Troubleshooting Cyclone Rake 8‚Äì10HP Electric Start Issues

Let me know how it goes or if you need help ordering that part!","{""id"": ""Q - 015""}"
"{""input"": ""What is the part number for the engine maintainance kit for an Intek 6 HP?""}","Thank you so much for reaching out with your question! I'm happy to help you with this.

Looks like you're all set to get your Cyclone Rake 101 ‚Äì Standard Complete Platinum in top shape with our Engine Maintenance Kit for the Briggs INTEK 6 HP engine. Your model uses part #01-02-200, and it includes everything you need for a quick tune-up before jumping into your yard work.

Here‚Äôs what comes in the kit:

Air Filter ‚Äì Helps increase airflow and improve engine efficiency

Oil ‚Äì Keeps the engine well-lubricated and reduces wear

Spark Plug & Socket ‚Äì Ensures smooth starts and clean combustion

Fuel Treatment ‚Äì Protects your fuel system with premium stabilizer

Funnel ‚Äì For clean and easy oil changes

Shop Towel ‚Äì Handy for wiping up any spills

You can find the kit here:
Engine Maintenance Kit ‚Äì Briggs INTEK 6HP (Part #01-02-200)

And here‚Äôs a helpful article with step-by-step instructions:
Using Your Engine Maintenance Kit

Let me know if you need anything else!","{""id"": ""Q - 127""}"
"{""input"": ""Do I have to grease the single or dual wheels?""}","Our current wheel design uses sealed bearings, which means:

1. No lubrication or greasing is necessary
2. The sealed design prevents any lubricant from reaching the bearings
3. This design ensures the bearings stay protected and remain maintenance-free
4. This applies to both single and dual wheel configurations","{""id"": ""Q - 233""}"
"{""input"": ""Can I use premium gas in the engine?""}","Thank you so much for reaching out with your question! I'm happy to help you with this.

Yes, you can use premium gasoline in your Cyclone Rake engine, but it's not required.

Recommended Fuel:
Unleaded gasoline, minimum 87 octane

Up to 10% ethanol (E10) is acceptable

Premium gas (higher octane) is perfectly fine to use, but it won't necessarily improve performance

The most important thing is to use fresh, clean fuel to ensure smooth starting and efficient operation.

Let me know if you have any other fuel-related questions!","{""id"": ""Q - 219""}"
"{""input"": ""Can Cyclone Rake connect to a finishing mower?""}","Thanks for reaching out with your question! I'm happy to help you with this.

A finishing mower isn't compatible with the Cyclone Rake system. Since finishing mowers are pulled behind the tractor rather than mounted beneath it, there's no way to properly connect the Cyclone Rake‚Äôs hitch and deck hose to that setup.

The Cyclone Rake is designed to work with mid- or rear-discharge mower decks that are mounted directly under the tractor chassis.

You can find more compatibility details in this article:
Cyclone Rake Mower Compatibility Guide

Let me know if there is a different kind of tractor and mower that can be used and I'd be glad to confirm if there's a setup that would work for you.","{""id"": ""Q - 196""}"
"{""input"": ""What is the part number for Replacement Key for a Electric Start Engine?""}","Thank you so much for reaching out with your question! I'm happy to help you with this.

The correct replacement key for your Cyclone Rake electric start engine is:

Part #01-01-1978 ‚Äì Key, Electric Start

If you need help with anything else, please let me know!","{""id"": ""Q - 169""}"
"{""input"": ""What is the part number for replacement collector bag for the 107 - Commercial PRO JetPath Commercial Pro model?""}","Thanks for reaching out with your question! I‚Äôm happy to help you with this.

The replacement collector bag for the 107 ‚Äì Commercial PRO model is part #05-03-308.

You can view or order it here:
Commercial PRO, XL, and Z-10 Collector Bag ‚Äì Velcro Style

Let me know if you need anything else to get your setup back in top shape!","{""id"": ""Q - 133""}"
"{""input"": ""What is the part number for replacement Impeller for a          107 - Commercial PRO JetPath Commercial Pro 8"" (Intek Model)?""}","Thank you so much for reaching out with your question! I'm happy to help you with this.

The correct replacement impeller for the 107 ‚Äì Commercial PRO JetPath with the 7HP Intek engine is part number 02-03-020. This is the 5-blade orange impeller, and it includes the full hardware kit for installation.

If you need any help with removing the old impeller or installing the new one, I‚Äôd be glad to guide you through it.

You can also view available parts here:
Commercial PRO Replacement Parts","{""id"": ""Q - 147""}"
"{""input"": ""What is the part number for Replacement Caster Wheels for Engine/Motor Frame?""}","Thank you so much for reaching out with your question! I'm happy to help you with this.

The correct part number for replacement caster wheels for your Cyclone Rake Engine/Motor Frame is:

Part #01-02-126 ‚Äì 4 Caster Wheels with Nuts and Washers (Motor Frame)

If you have any additional questions, please feel free to ask!","{""id"": ""Q - 170""}"
"{""input"": ""What is the part number for Replacement Chassis for  XL?""}","Thank you so much for reaching out with your question! I'm happy to help you with this.

The correct replacement chassis for your Cyclone Rake XL model is:

Part #02-04-700A ‚Äì Large Chassis Unit Complete (36-3/4 inches wide)

Please let me know if you have any other questions or if there's anything else I can do for you!","{""id"": ""Q - 174""}"
"{""input"": ""What is the part number for Top Brace Assembly with hardware?""}","Thank you so much for reaching out with your question! I'm happy to help you with this.

The correct replacement part for the Top Brace Assembly specifically for your Cyclone Rake Classic is:

Part #01-03-360 ‚Äì Top Brace with Brackets (34.8"" Long) - Classic

Please let me know if you have any other questions or need further assistance!","{""id"": ""Q - 177""}"
"{""input"": ""Can the Cyclone Rake be used with an electric mower?""}","Thanks for reaching out with your question! I'm happy to help you with this.

The Cyclone Rake can work with some electric mowers, but there are important factors to consider. Because electric mowers come in many styles‚Äîrear-engine, zero-turn, mid-mount, etc.‚Äîcompatibility depends on your specific setup.

Key things to check:
Discharge Type: Your mower must have a rear or side discharge deck (not mulching only).

Power Capacity: The mower must be able to handle the added load of towing the Cyclone Rake and collecting debris.

Hitch Mounting: Your electric mower needs a standard rear hitch to connect the Cyclone Rake.

Battery Life: Keep in mind that hauling the rake may reduce your run time significantly.

We recommend sending us your mower‚Äôs make and model so we can check compatibility for you.

You can also read more details here:
Using Cyclone Rake with Electric Mowers ‚Äì Important Considerations

Let me know what kind of mower you're using‚ÄîI‚Äôd be glad to take a closer look!","{""id"": ""Q - 222""}"
"{""input"": ""Can I purchase just the MDA hardware pack? (Skin board hardware part numbers)""}","Thank you so much for reaching out with your question! I'm happy to help you with this.

Yes, you can absolutely purchase just the hardware pack for your Mower Deck Adapter (MDA) without buying the full adapter. It‚Äôs a great option if you‚Äôre replacing worn parts or just want to keep some extras on hand.

To get the right hardware set, we‚Äôll need:
Your mower‚Äôs make and model

Your mower deck size

Your current MDA model (if you're replacing an existing setup)

Once we have that info, we can quickly look up the correct part number for you and help place your order.

You can give us a call, request a callback, or reach out through our Contact Us page‚Äîwhatever‚Äôs easiest for you!","{""id"": ""Q - 210""}"
"{""input"": ""Can I Use A Regular Charger For My Electric Start Engine Battery?""}","Thanks for reaching out with your question! I'm happy to help you with this.

For your electric start engine battery, it‚Äôs important to use the charger we provide with your Cyclone Rake. That charger is designed with a built-in microprocessor that delivers the precise charge your battery needs.

Why this matters:
It prevents overcharging, which can shorten the battery‚Äôs life

It avoids undercharging, which can reduce performance

It ensures safe, long-term charging‚Äîespecially if you're leaving it connected between uses

Using a standard or generic charger may seem convenient, but it could lead to reduced battery capacity or even damage over time.

Let me know if you need a replacement charger‚Äîwe‚Äôll be happy to help with that too.","{""id"": ""Q - 215""}"
"{""input"": ""What is the part number for replacement Impeller for a          104 - Commercial PRO Commercial Pro (Intek)?""}","Thank you so much for reaching out with your question! I'm happy to help you with this.

For your 104 ‚Äì Commercial PRO model with a Briggs & Stratton Intek 7HP engine, the correct replacement impeller is:

Part #02-03-020 ‚Äì 5-Blade Orange Impeller w/ Hardware Kit
This impeller is compatible with Tecumseh, B&S Intek, and Phase I & II Vanguard engines, and provides excellent suction performance for heavy-duty use.

You can view and order the impeller here:
5-Blade Orange Impeller w/ Hardware Kit

Here‚Äôs a helpful guide for the installation process:
Replacing Your Cyclone Rake Impeller

And you can find other compatible parts for your model in our
Aftermarket Parts section.

Let me know if you have any questions or need help placing your order!","{""id"": ""Q - 146""}"
"{""input"": ""Can I use other companies"" parts on my Cyclone Rake?""}","Thank you so much for reaching out with your question! I'm happy to help you with this.

We do not recommend using third-party parts with your Cyclone Rake. Every component is engineered and manufactured specifically for the Cyclone Rake system, and combining it with non-original parts can compromise both performance and safety.

Here‚Äôs why:
All parts are designed to exact specs by our engineering team for maximum durability and performance

Using non-Cyclone Rake parts may lead to fitment issues, reduced performance, or damage

Most importantly, using third-party parts can void your warranty

Our in-house team is always working to improve materials and functionality, and that level of detail and quality is something we can only guarantee with our original parts.

If you need help finding the right Cyclone Rake component, just let me know‚ÄîI‚Äôm happy to assist!","{""id"": ""Q - 218""}"
"{""input"": ""What is the part number for replacement Exhaust Deflector Screw, 3/8"" sheet metal screw?""}","Thank you so much for reaching out with your question! I'm happy to help you with this.

The correct replacement part number for the Exhaust Deflector Screw (#8-3/8 sheet metal screw) is:

Part #01-01-298 ‚Äì Exhaust Deflector Screw, #8-3/8 Sheet Metal Screw

If you need anything else, please don't hesitate to let me know!","{""id"": ""Q - 171""}"
"{""input"": ""What is the part number for replacement Engine for a                    110 - Commercial PRO  with a Vanguard 6.5 Phase II engine?""}","Thanks for reaching out about your Cyclone Rake engine replacement‚ÄîI‚Äôm happy to help with this.

Based on your note, it sounds like you currently have a Vanguard 6.5HP Phase II engine on your Commercial PRO model (model 110). You‚Äôve got two great upgrade options available:

Part #01-04-158 ‚Äì Briggs & Stratton XR950 PRO Engine Upgrade Kit

Part #01-04-306 ‚Äì Briggs & Stratton 6.5HP Vanguard Cyclonic Upgrade Kit

Here's a quick breakdown:
If you're replacing an original Vanguard 6.5HP Phase I or Phase II, you can choose either:

XR950 PRO Upgrade Kit (#01-04-158) ‚Äì great performance and reliability

Vanguard Cyclonic Upgrade Kit (#01-04-306) ‚Äì powerful, with enhanced air filtration for longer life

For more details on engine types and compatibility, you can check out this article:
Mastering Cyclone Rake Engines ‚Äì A Deep Dive into Briggs & Stratton Engines

Let me know if you'd like help choosing between these two, or if you‚Äôre unsure which engine is currently on your unit.","{""id"": ""Q - 164""}"
"{""input"": ""There""s a lot of dust coming out of the collector bag vents""}","Cyclone Rake's powerful suction is a game-changer for yard cleanup, but it can sometimes create dust that might concern some property owners. We've discovered some practical, low-tech strategies to help minimize dust generation during your lawn collection process.

Dust Reduction Techniques:

1. Timing Your Collection

Collect leaves early in the day
Ideal conditions: After light rain or when dew is present
Moisture helps naturally suppress dust particles

2. Throttle Control Management

Experiment with throttle settings
Reduce from 100% to approximately 75%

Benefits:

1. Reduces airflow
2. Minimizes dust generation
3. Maintains collection performance

Important Considerations:

1. Performance remains a priority
2. Adjust throttle carefully to avoid operational issues
3. Some dust is inevitable, especially in bare lawn areas","{""id"": ""Q - 189""}"
"{""input"": ""What is the part number for Replacement Blower Unit for a  110 - Commercial PRO Commercial Pro (NOT XR and Cyclonic)?""}","For your Cyclone Rake 110 ‚Äì Commercial PRO model with a Vanguard 6.5HP Phase 1 engine, there are a few replacement blower unit options depending on what you need and whether you‚Äôd like the impeller and liner included:

Blower Only (No Impeller):

Part #01-03-1038 ‚Äì Standard liner

Part #01-03-1068 ‚Äì Blue Diamond liner (upgraded durability)

Blower with 5-Blade Impeller:

Part #01-04-038 ‚Äì Standard liner

Part #01-04-068 ‚Äì Blue Diamond liner  (upgraded durability)

Each option is fully compatible with your Cyclone Rake's Vanguard engine. If you're not sure whether you need a new impeller or liner, I‚Äôd be glad to help you figure that out.

You can review more part details here:
Commercial PRO Replacement Parts

Let me know which kit you'd like to go with or if you need help placing your order.","{""id"": ""Q - 154""}"
"{""input"": ""What is the part number for replacement Impeller for a          Z10?""}","Thank you so much for reaching out with your question! I'm happy to help you with this.

For your Cyclone Rake Z-10, the correct replacement impeller is the:

5-Blade Green Impeller ‚Äì Part #02-03-023

This impeller is specifically configured for the engine used in the Z-10 and is built for heavy-duty performance.

You can view and order it here:
5-Blade Green Impeller (Part #02-03-023)

If your blower housing is also worn, it may be a good time to consider a full Blower Replacement Kit, which includes the housing, impeller, and either a steel or Blue Diamond liner already installed. You can view those options here:
Blower Replacement Kits

And here‚Äôs a step-by-step guide for the impeller swap:
Replacing Your Cyclone Rake Impeller

Let me know if you'd like help ordering or confirming which setup is best for you!","{""id"": ""Q - 140""}"
"{""input"": ""Can I get a pre cut MDA?""}","Thank you so much for reaching out with your question! I'm happy to help you with this.

Yes, in many cases, you can get a pre-cut Mower Deck Adapter (MDA)‚Äîit just depends on your specific mower make and model.

Here‚Äôs how it works:
Pre-Cut (Custom-Cut) MDAs:
These are available for mower decks with unique or complex shapes that would be difficult to cut at home. If your mower matches one of those specific designs, we‚Äôll send you a pre-cut MDA tailored to it.

Uncut MDAs:
For more common, rectangular-shaped deck openings, we provide uncut MDAs. Even among similar decks, there can be small differences‚Äîcutting your own ensures the best fit.
Don‚Äôt worry‚Äîit comes with clear instructions and a helpful video tutorial, and all you need are basic tools.

To confirm whether a pre-cut MDA is available for your mower, just let us know your mower‚Äôs make, model, and deck size, and we‚Äôll look it up for you.","{""id"": ""Q - 207""}"
"{""input"": ""What is the part number for replacement Impeller for a XL?""}","Thank you so much for reaching out with your question! I'm happy to help you with this.

To replace the impeller in your Cyclone Rake XL you can purchase the 5-blade green impeller, configured specifically for your engine. Simply follow the link below to purchase one:

The part # for the 5-blade Green Impeller is # 02-03-023 on this PAGE. 

You can view the instruction sheet for replacing the impeller by clicking HERE.

Is your blower housing still in good shape? If not, then it may be a good idea to replace both the blower housing and impeller at the same time. We do sell blower replacement kits that come with the blower housing, impeller, and steel liner or the upgraded Blue Diamond Liner installed. You can check out your options HERE.","{""id"": ""Q - 138""}"
"{""input"": ""Can I buy just an MDA without the Cyclone Rake?""}","Thank you so much for reaching out with your question! I'm happy to help you with this.

Yes, you can purchase a Mower Deck Adapter (MDA) without buying a full Cyclone Rake system.

Here‚Äôs what to know:
We offer MDAs in multiple sizes to match different vacuum systems:

6-inch systems ‚Äì compatible with many non-Cyclone Rake vacuums

7-inch, 8-inch, and 10-inch systems ‚Äì for larger-capacity setups

Our MDAs are designed to provide smooth debris flow and reduce clogging, even when used with other brands‚Äô equipment

Pricing & Shipping:
MDAs typically range from $139 to $169, depending on size

$30 flat-rate shipping applies

Sales tax added where applicable

If you let me know your hose diameter and mower deck type, I‚Äôd be happy to help you pick the best fit!","{""id"": ""Q - 202""}"
"{""input"": ""What is the part number for Replacement Safety Cover for Z10 Blower Unit?""}","Thank you so much for reaching out with your question! I'm happy to help you with this.

The replacement Safety Cover for the Z-10 Cyclone Rake is part number 06-02-009. This is the 10"" yellow safety cover and it comes complete with the bolt and nut needed for installation.

If you need help installing it or have any other questions about your Z10 unit, I‚Äôm here to help.

You can find more details on replacement parts here:
Z10 Blower Replacement Parts","{""id"": ""Q - 155""}"
"{""input"": ""What is the part number for replacement Impeller for a          101 - Standard Complete Platinum Standard (Not XR or Cyclonic)?""}","Thank you so much for reaching out with your question! I'm happy to help you with this.

For your Cyclone Rake 101 ‚Äì Standard Complete Platinum model with the Tecumseh 5HP engine, you have two compatible impeller options:

Part #02-03-017 ‚Äì 4-blade yellow impeller with hardware kit (original style for this model)

Part #02-03-020 ‚Äì 5-blade orange impeller with hardware kit (performance upgrade option)

Both options will fit your unit, so you can choose based on whether you want to stick with the original design or upgrade for improved debris shredding.

Let me know if you'd like help placing the order or deciding between the two options.","{""id"": ""Q - 141""}"
"{""input"": ""What is the part number for replacement Impeller for a          109 - Commander Commander (Not XR or Cyclonic)?""}","Thank you so much for reaching out with your question! I'm happy to help you with this.

To replace the impeller in your Cyclone Rake Commander with a Vanguard 6.5HP Phase 1 engine, you can purchase the 4-blade yellow impeller, or you can choose the 5-blade orange impeller, which would provide you with 25% more suction power. You can follow the links below to purchase one:

Part #02-03-017 -- 4-Blade Yellow Impeller w/hardware kit -for Tecumseh, INTEK, Phase 1 & 2 Vanguard Engines

Part #02-03-020 -- 5-Blade Orange Impeller w/hardware kit - for Tecumseh, B&S Intek, Phase I & II Vanguard

You can view the instruction sheet for replacing the impeller by clicking HERE. To find other replacement parts for your Cyclone Rake you can find them in the Aftermarket Parts section of our website.","{""id"": ""Q - 139""}"
"{""input"": ""What is the tongue weight of the Cyclone Rake Commercial PRO?""}","Thanks for reaching out with your question! I'm happy to help you with this.

The tongue weight of the Cyclone Rake Commercial PRO is approximately 90 to 100 pounds when fully assembled and empty. The total assembled weight of the unit is 225 pounds.

That tongue weight is the amount of downward pressure placed on your mower‚Äôs hitch, so it's helpful to make sure your mower can handle that safely.

You can see the full specs for all models here:
Cyclone Rake Weight Specifications

Let me know if you‚Äôd like help checking compatibility with your mower!","{""id"": ""Q - 182""}"
"{""input"": ""Can I remove the key from the e-start engine once it has started?""}","Thank you so much for reaching out with your question! I'm happy to help you with this.

Yes, you can remove the key from your electric-start engine once it‚Äôs running, and the engine will continue to operate normally.

Just be sure to store the key somewhere safe, like your pocket or toolbox, so it doesn‚Äôt get misplaced while you work.

Let me know if you have any other questions!","{""id"": ""Q - 212""}"
"{""input"": ""What is the part number for replacement Engine for a                    106 - Commander PRO JetPath  with a Intek 6 HP engine?""}","Thanks for reaching out about your engine replacement‚ÄîI‚Äôm happy to help with this.

If you have a Commander PRO JetPath (Model 106) with a 6HP Briggs & Stratton Intek engine, you‚Äôve got two solid upgrade options to replace that engine:

Part #01-04-158 ‚Äì Briggs & Stratton XR950 PRO Engine Upgrade Kit

Part #01-04-306 ‚Äì Briggs & Stratton 6.5HP Vanguard Cyclonic Upgrade Kit

Here‚Äôs a quick summary:
Both kits are fully compatible with your Commander PRO JetPath and will replace the older Intek 6HP engine.

The XR950 PRO offers reliable performance and is an excellent all-around upgrade.

The Vanguard Cyclonic has advanced air filtration and a bit more power for tougher conditions.

You can find more details on these engine options and what sets them apart in this article:
Mastering Cyclone Rake Engines ‚Äì A Deep Dive into Briggs & Stratton Engines

Let me know if you‚Äôd like help choosing between the two!","{""id"": ""Q - 166""}"
"{""input"": ""Can the Cyclone Rake connect to articulating mower?""}","Thanks for reaching out with your question! I'm happy to help you with this.

Unfortunately, the Cyclone Rake can‚Äôt be connected to articulating mowers. These machines are designed with a pivoting frame, and that constant movement causes problems for how the Cyclone Rake connects and operates.

Here‚Äôs why it won‚Äôt work:
The hose connection becomes unstable‚Äîas the deck pivots away from the engine-blower unit, the hose can pull loose or kink.

Our system relies on a fixed-length hose and Dual Pin Hitch, which work best with rigid-frame mowers to minimize clogs and hose movement.

For more details on compatible mower styles, check out this article:
Cyclone Rake Mower Compatibility Guide

If you have another mower in mind or want to double-check your setup, just let me know your model and deck size‚ÄîI‚Äôll be happy to look into it for you.","{""id"": ""Q - 225""}"
"{""input"": ""What is the part number for Replacement Safety Cover for XL Blower Unit?""}","Thanks for reaching out with your question! I‚Äôm happy to help you with this.

The replacement safety cover for the XL Blower Unit is:
Part #05-02-1160 ‚Äì Safety Cover Yellow 8"" with Bolt & Nut

This part includes everything you need to securely replace the cover on your XL model‚Äôs blower housing.

Let me know if you‚Äôd like help ordering or confirming fit with your setup.","{""id"": ""Q - 156""}"
"{""input"": ""What is the tongue weight of the Cyclone Rake Commander?""}","Thank you so much for reaching out with your question! I'm happy to help you with this.

The tongue weight of the Cyclone Rake Commander is approximately 90‚Äì100 pounds.

Here‚Äôs a quick breakdown of the weights:

Engine/Blower Unit: 85 pounds

Tongue Weight (Commander): 90‚Äì100 pounds

Total Assembled Weight: 200 pounds

If you have any other questions, please feel free to ask!","{""id"": ""Q - 181""}"
"{""input"": ""What is the part number for replacement Engine for a                    103 - PRO PRO?""}","Thank you so much for reaching out with your question! I'm happy to help you with this.

For your Cyclone Rake 103 ‚Äì PRO model, you have two engine upgrade options depending on your preference:

Part #01-04-158 ‚Äì Briggs & Stratton XR950 PRO Engine Upgrade Kit

Part #01-04-306 ‚Äì Briggs & Stratton 6.5HP Vanguard Cyclonic Upgrade Kit

Both kits are fully compatible with your PRO unit and come with all the necessary components for a smooth replacement.

If you're not sure which engine your unit currently has or want help deciding between the two, just let me know‚ÄîI‚Äôd be happy to assist.","{""id"": ""Q - 165""}"
"{""input"": ""What is Decibel Rating for XL and Z-10""}","Thank you so much for reaching out with your question! I'm happy to help you with this.

Both the Cyclone Rake XL and Z-10 have a decibel rating of approximately 102 dB, which is about as loud as a chainsaw at 3 feet or a snowmobile.

For your safety while operating:
Always wear ear protection to prevent hearing damage

Wear eye protection to guard against flying debris

Consider using gloves and sturdy footwear for added protection

If you have any other questions about safe operation or equipment specs, feel free to ask!","{""id"": ""Q - 228""}"
"{""input"": ""Customer wants to recycle/upcycle their Cyclone Rake""}","When you're ready to part ways with your Cyclone Rake, there are several environmentally responsible options to consider. We appreciate your commitment to reducing waste and making sure your equipment finds new life or is properly recycled.

If your Cyclone Rake is still in good working condition, selling it is a great option:

1. Our Facebook Community Page is an excellent marketplace with members who understand the value of Cyclone Rake products
2. Other popular platforms include eBay, Craigslist, and Facebook Marketplace
3. Used Cyclone Rakes typically have a robust resale market due to their durability and quality
4. We can provide you with your original sales order if needed for your listing or to show potential buyers
5. We're happy to provide you with digital copies of the manual and parts list to help with your sale listing
6. These documents can help potential buyers understand the features and maintenance requirements of your Cyclone Rake

Please be aware that the Cyclone Rake warranty is not transferable to the new owner. If you're considering selling, you should inform potential buyers about this policy. Please note these policies regarding used Cyclone Rake equipment:

1. We do not buy back or purchase used Cyclone Rakes
2. We cannot provide recommendations for resale pricing","{""id"": ""Q - 227""}"
"{""input"": ""What is the part number for replacement collector bag for the 109 - Commander Commander model?""}","Thank you so much for reaching out with your question! I'm happy to help you with this.

For your 109 ‚Äì Commander model, the correct replacement collector bag is:

Part #03-03-308 ‚Äì Commander Collector Bag (Velcro style)

You can view and order the replacement bag right here:
Commander Collector Bag ‚Äì Velcro

Let me know if you need help with installation or anything else!","{""id"": ""Q - 131""}"
"{""input"": ""Can I buy individual parts if I don""t own a Cyclone Rake?""}","Thank you so much for reaching out with your question! I'm happy to help you with this.

While you‚Äôre welcome to browse and purchase parts from our website, please note that our components are specifically designed for use with the Cyclone Rake system. Because of that, we can‚Äôt guarantee how well they‚Äôll work with other lawn and leaf vacuums, and we‚Äôre not able to advise on compatibility for non-Cyclone Rake setups.

That said, here are a few parts that might still be useful:
Deck hoses (7"", 8"", or 10"") ‚Äì These are heavy-duty and could potentially work with other machines

Mower deck adapters ‚Äì These may fit your setup depending on the mower deck design

Feel free to explore the Parts section on our website, and if you do end up with a Cyclone Rake in the future, we‚Äôll be glad to help you get it fully equipped!","{""id"": ""Q - 198""}"
"{""input"": ""Can I get a Honda Engine?""}","Thank you so much for reaching out with your question! I'm happy to help you with this.

At this time, we do not offer a Honda engine option with Cyclone Rake units.

We exclusively use Briggs & Stratton Vanguard engines because they‚Äôre engineered to perform in tough conditions and deliver the durability our customers expect. Here‚Äôs why we‚Äôve chosen them:

Proven reliability across various types of power equipment

Excellent performance under demanding yard cleanup jobs

Industry-leading support network with over 25,000 authorized service centers worldwide

We truly believe these engines give our customers the best mix of performance, support, and long-term value.

If you have any other questions or need help with engine options, I‚Äôm here to help!","{""id"": ""Q - 206""}"
"{""input"": ""Can I buy a second top brace for my Cyclone Rake?""}","The Cyclone Rake features a single top brace bar that serves to maintain separation between the rear end of the side tubes, making the dumping process easier. However, due to the wider dimensions of the collector bags in models like the Commander, Commercial Pro, XL, and Z-10, it is not possible to incorporate a second top brace bar for the front. Instead, the holes located at the front of the side tubes are specifically designed for attaching the optional Roof Rack Carrier accessory.

The Roof Rack Carrier is an accessory that can be added to the Cyclone Rake, providing users with a convenient way to secure additional equipment or items on top of their Collector Bag. It consists of two heavy-duty steel struts and quick-release knobs, ensuring easy attachment to the Collector Bag without the need for tools.","{""id"": ""Q - 197""}"
"{""input"": ""Can I Attach My Hitch 16"" Above Ground? What\""s the ideal height for the hitch?""}","Thank you so much for reaching out with your question! I'm happy to help you with this.

If your hitch is mounted 16 inches above the ground, that‚Äôs outside the recommended range for optimal Cyclone Rake performance.

Ideal Hitch Height:
10 to 14 inches from the ground

Centered between your mower‚Äôs rear wheels

Level to the ground ‚Äî avoid tilting the hitch up or down

Mounting the hitch higher than 14 inches can cause issues with balance, hose alignment, and maneuverability. For best results, we recommend adjusting the hitch or adding a mounting plate to get it within the ideal range.

Let me know if you‚Äôd like help troubleshooting your setup‚ÄîI‚Äôm happy to assist!","{""id"": ""Q - 200""}"
"{""input"": ""What is the part number for replacement impeller for a                    101 - Standard Complete Platinum with an Intek engine?""}","Thank you so much for reaching out with your question! I'm happy to help you with this.

For your Cyclone Rake 101 - Standard Complete Platinum model with an Intek engine, you have two replacement impeller options:

Part #02-03-017 ‚Äì 4-Blade Yellow Impeller with Hardware Kit
(Original replacement impeller designed specifically for your model.)

Part #02-03-020 ‚Äì 5-Blade Orange Impeller with Hardware Kit
(Upgraded option providing approximately 25% more suction compared to the original.)

Let me know if you need anything else!","{""id"": ""Q - 160""}"
"{""input"": ""What is the part number for replacement Engine for a                    102 - Commercial?""}","Thank you so much for reaching out with your question! I'm happy to help you with this.

For your Cyclone Rake 102 - Commercial, you have two suitable replacement engine options:

Part #01-04-158 ‚Äì Briggs & Stratton XR950 PRO Engine Upgrade Kit
(Reliable upgrade option with excellent overall performance.)

Part #01-04-306 ‚Äì Briggs & Stratton 6.5HP Vanguard Cyclonic Upgrade Kit
(Enhanced upgrade featuring improved air filtration and durability.)

If you have any additional questions or need help choosing, please let me know!","{""id"": ""Q - 161""}"
"{""input"": ""What is the dimensions of wheel bearings (01-01-334)?""}","Thanks for reaching out with your question! I'm happy to help you with this.

The wheel bearing dimensions for the Cyclone Rake are as follows:

Inner Diameter (ID): 30mm

Outer Diameter (OD): 35mm

Width (Thickness): 19mm

Overall Dimensions: 30mm x 35mm x 19mm (metric)

If you're replacing a bearing or just checking for compatibility, these measurements should help you confirm a proper fit.","{""id"": ""Q - 231""}"
"{""input"": ""What is the part number for replacement Impeller for a          110 - Commercial PRO 6.5 HP Vanguard Phase ll engine?""}","Thank you so much for reaching out with your question! I'm happy to help you with this.

The correct replacement impeller for your Cyclone Rake 110 - Commercial PRO with the 6.5 HP Vanguard Phase II engine is:

Part #02-03-020 ‚Äì 5-Blade Orange Impeller with Hardware Kit

Please let me know if there's anything else I can assist you with!","{""id"": ""Q - 152""}"
"{""input"": ""Can I Install An Hour Meter On My Engine?""}","Thanks for reaching out with your question! I'm happy to help you with this.

While it‚Äôs a great idea to track your engine run time, we don‚Äôt offer hour meters for sale. After checking with our technician, we recommend reaching out directly to Briggs & Stratton for guidance on hour meter compatibility and installation for your engine model.

You can use this link to find a Briggs & Stratton dealer near you who can assist:
Briggs & Stratton Dealer Locator

Let me know if you have any other questions about maintaining your Cyclone Rake‚Äîwe‚Äôre always here to help.","{""id"": ""Q - 208""}"
"{""input"": ""What is the part number for replacement Impeller for a          102 - Commercial (Intek)?""}","For your 102 ‚Äì Commercial model with an Intek engine, you have two compatible replacement impeller options:

You have two compatible impeller options:
Part #02-03-017 ‚Äì 4-Blade Yellow Impeller with Hardware Kit
This is the original replacement for your model.

Part #02-03-020 ‚Äì 5-Blade Orange Impeller with Hardware Kit
This upgraded impeller delivers 25% more suction and fits your unit as well.

Let me know if you‚Äôd like help choosing between the two or placing an order!","{""id"": ""Q - 144""}"
"{""input"": ""What is the part number for replacement Engine for a                    Z-10?""}","Thank you so much for reaching out with your question! I'm happy to help you with this.

For your Cyclone Rake Z-10, here are the correct replacement engine options:

Part #06-02-301 ‚Äì Briggs & Stratton 10HP Vanguard Phase II (Pull-Start)

Part #06-02-301E ‚Äì Briggs & Stratton 10HP Vanguard Phase II (Electric-Start)

Both engines are built for powerful performance and long-term reliability. Let me know if you‚Äôd like help placing an order or choosing between the two options!","{""id"": ""Q - 162""}"
"{""input"": ""can I stop the electric start engine with the starter key?""}","Thank you so much for reaching out with your question! I'm happy to help you with this.

No, the starter key does not stop the electric start engine. It‚Äôs only used to crank the engine during startup and does not control the ignition.

üîë Here's how the switch works:
Position 1: Normal (key at rest)

Position 2: Start (spring-loaded‚Äîonly used while cranking)

‚úÖ To stop the engine:
Idle down for 15‚Äì30 seconds using the throttle lever

Move the red fuel shutoff lever to the OFF position

Remove the key

Keep in mind, the key cannot be turned to the left like a car ignition. It doesn‚Äôt cut power to the engine.","{""id"": ""Q - 199""}"
"{""input"": ""What is the part number for replacement collector bag for the XL model?""}","Thank you so much for reaching out with your question! I'm happy to help you with this.

Since you own a Cyclone Rake XL, the correct part number for the replacement collector bag is 05-03-308. This is the full collector bag assembly designed specifically for the XL model and includes the Velcro-style rear panel.

You can view and order the part here:
Commercial PRO, XL, and Z-10 Collector Bag ‚Äì Velcro

Let me know if you need help with installation or anything else!","{""id"": ""Q - 129""}"
"{""input"": ""What is the part number for replacement Impeller for a          106 - Commander PRO JetPath Commander Pro (Intek)?""}","For your Cyclone Rake 106 ‚Äì Commander PRO JetPath model with the Briggs & Stratton Intek 6HP engine, you have two compatible impeller options:

Part #02-03-017 ‚Äì 4-blade yellow impeller with hardware kit 

Part #02-03-020 ‚Äì 5-blade orange impeller with hardware kit 

Both will work with your unit, so it depends on whether you‚Äôd prefer the standard replacement or the upgraded performance.","{""id"": ""Q - 145""}"
"{""input"": ""The deck hose is short by a few inches/pulled out of the collar""}","Thank you so much for reaching out with your question! I'm happy to help you with this.

If your deck hose feels too short or is pulling out of the collar, here are a few easy troubleshooting steps you can try:

‚úÖ Troubleshooting a Short Deck Hose:
Adjust the insertion depth: The hose doesn‚Äôt need to be fully threaded into the collar. Try pulling it out slightly‚Äîthis can give you a few extra inches.

Modify the hitch position: Loosen the hitch fork assembly and move the Cyclone Rake slightly closer to your mower. This small adjustment can make a big difference.

Let the hose expand: New hoses are tightly packed for shipping and may need a bit of time (and warmth) to fully stretch out. Laying the hose out in a warm spot can help it reach its full length.

Still too short?
No problem‚Äîjust send us a few photos of your setup, and we‚Äôll be happy to send you a replacement hose that fits properly.

Let me know how it goes or if you‚Äôd like to start a replacement request!","{""id"": ""Q - 188""}"
"{""input"": ""What is the part number for replacement Engine for a                    101 - Standard Complete Platinum Standard/Complete/Platinum?""}","Thank you so much for reaching out with your question! I'm happy to help you with this.

If you need a replacement engine for your 101 ‚Äì Standard Complete Platinum Cyclone Rake with a Tecumseh 5HP engine, there are two excellent upgrade options, depending on what you're looking for in terms of performance and features:

‚úÖ Option 1: Briggs & Stratton XR950PRO Upgrade Kit

Part #: 01-04-158

A powerful, professional-grade engine designed for durability and consistent performance

Comes with a 2-year warranty

View the XR950PRO Upgrade Kit

‚úÖ Option 2: 6.5HP Vanguard Cyclonic Upgrade Kit

Part #: 01-04-306

Adds premium features like:

Transport Guard to prevent fuel and oil mixing during transport

High-capacity air cleaner for longer maintenance intervals

Lower-tone muffler for quieter operation

Commercial-style carburetor

Backed by a 3-year commercial warranty

View the Vanguard Cyclonic Engine Upgrade Kit

Either option will be a solid replacement!

And don‚Äôt forget‚Äîwe recommend tuning up your engine after the first 5 hours of use, and then once a year. You can find the right Engine Maintenance Kit for either of these engines to help extend their life and performance.

Let me know if you'd like help choosing between the two or placing an order!","{""id"": ""Q - 157""}"
"{""input"": ""Are the wheels rubber or pneumatic?""}","Thank you so much for reaching out with your question! I'm happy to help you with this.

The wheels on the Cyclone Rake are pneumatic and made of real rubber, not plastic. They‚Äôre built for durability, smooth performance, and lawn-friendly operation.

Here‚Äôs what makes them stand out:
Pneumatic (air-filled) tires for better traction and a smoother ride

Premium rubber construction ‚Äì not plastic or composite

Durable metal hubs for long-lasting strength

Manufacturer name stamped on each tire ‚Äì no generic parts

Designed to protect your lawn while offering stable performance across various terrain

Let me know if you have any more questions‚ÄîI‚Äôm happy to help!","{""id"": ""Q - 193""}"
"{""input"": ""Do we have a hitch to attach to a John Deere Click-n-go hitch setup?""}","Thanks for reaching out with your question! I'm happy to help you with this.

We don‚Äôt offer a hitch that connects directly to the John Deere Click-n-Go bracket system, but that doesn‚Äôt necessarily mean you're out of options. Depending on how the back of your mower is set up, we may still have a compatible hitch for your John Deere tractor.

Here‚Äôs what we‚Äôll need to check compatibility:
Your John Deere model number

Your mower deck size

With that info, I can look up the right hitch option for your setup.

Let me know when you have those details handy‚ÄîI‚Äôll be glad to help get you squared away!","{""id"": ""Q - 235""}"
"{""input"": ""What is the tongue weight of the Cyclone Rake XL?""}","Thank you so much for reaching out with your question! I'm happy to help you with this.

The tongue weight of the Cyclone Rake XL is approximately 120 pounds.

Here's a quick breakdown of the weights for your Cyclone Rake XL:

Engine/Blower Unit: 110 pounds

Tongue Weight: ~120 pounds

Total Assembled Weight: 250 pounds

Let me know if you need anything else!","{""id"": ""Q - 183""}"
"{""input"": ""Can the Cyclone Rake go on hills?""}","Thank you so much for reaching out with your question! I'm happy to help you with this.

Yes, your Cyclone Rake can be used on hills, but there are a few important safety and performance guidelines to keep in mind to protect both your equipment and yourself:

‚úÖ Maximum Slope Guidelines
The Cyclone Rake is safe to use on slopes up to 20 degrees

Slopes steeper than that can cause:

Hitch pin binding

Excess stress on your mower and rake

Potential safety hazards

‚õΩ Engine Performance on Hills
If your engine stalls when going up or down hills, it‚Äôs likely a fuel delivery issue:

The fuel pickup hose is in the corner of the tank, so steep angles and low fuel can cause the engine to starve

Keep your fuel tank more than half full to prevent stalling

Tackle sloped areas early on, when your tank is full

‚ö†Ô∏è Safety Tips for Sloped Terrain
Always drive straight up or down the slope ‚Äî never across

Avoid wet grass for better traction

Monitor for signs of stress or binding on your equipment and stop if anything feels off

The engine uses splash lubrication, so avoid long periods on steep slopes to prevent overheating

üõ† Best Practices:
Work in dry conditions when possible

Plan your mowing path to minimize time spent on hills

Start with a full tank

For steep yards, work downhill first, while the tank is fullest

Following these guidelines will help you get great performance on hilly terrain while keeping everything running safely and smoothly.

Let me know if you need anything else!","{""id"": ""Q - 187""}"
"{""input"": ""Can I use my Cyclone Rake in the rain?""}","We would not recommend using your Cyclone Rake in the rain, or leaving it exposed to any kind of precipitation. There are electrical connections maintaining the spark within your Cyclone Rake engine, as it is an internal combustion engine. Water can affect those connections negatively. Additionally, water entering the inside of the engine can damage parts when running.

All that is to say - it's not ideal to run the engine in the rain, or to leave the engine uncovered if stored outside. Keep your Cyclone Rake in a dry sheltered place. Be sure to get out any organic debris from the bag before putting it away for storage. Acorns, nuts, and other debris will attract mice and rodents. Mothballs will help keep them away!

Lastly, always add fuel stabilizer to keep the fuel fresh. There is no need to drain gasoline from the engine if a fuel stabilizer is added. Fuel can become stale when stored for over 30 days. Adding fuel stabilizer will prevent gum and varnish buildup. Keep the gas tank 95% full to avoid condensation buildup in the tank during storage. Run the engine for 5 minutes after adding the stabilizer to treat the entire fuel system. This prepares the engine and gasoline for up to 24 months of storage. While not specifically required for daily use, Briggs & Stratton does recommend the use of fuel treatment and stabilizer as a regular part of the refueling process.","{""id"": ""Q - 216""}"
"{""input"": ""Do we have Tecumseh engine parts?""}","Thank you so much for reaching out with your question! I'm happy to help you with this.

Unfortunately, we no longer carry replacement parts for Tecumseh engines, as Tecumseh closed its operations in 2009 and we discontinued using their engines some time ago. However, I can still point you in the right direction depending on what you need:

üîß Finding Parts for Older Tecumseh Engines
The Cyclone Rake originally used:

Model #OHH50 (5.0HP engine)

Model #OHH60 (6.0HP engine)

For parts, we recommend:

Visiting Jack's Small Engines ‚Äì they specialize in older mower and tractor engine parts

Checking with a local small engine repair shop

üõ†Ô∏è Common Tecumseh Issue ‚Äì Slipping Throttle
If your throttle slips down during use, here‚Äôs a quick fix:

Remove the air filter to access the carburetor area

Find the small brass nut or screw next to the throttle

Tighten it gently but firmly ‚Äì this presses a plate against the throttle slider and helps it stay in place

üîÑ Engine Replacement Options
If you're looking to replace your Tecumseh engine, we offer two great upgrade options that work with older Cyclone Rake models:

XR950 PRO Engine Upgrade Kit

6.5HP Cyclonic Vanguard Engine Upgrade Kit

Both offer improved performance, easier starting, and better long-term reliability.

Let me know if you'd like help choosing the best replacement for your setup!","{""id"": ""Q - 186""}"
"{""input"": ""What is the tongue weight of the Cyclone Rake Classic?""}","Thank you so much for reaching out with your question! I'm happy to help you with this.

The tongue weight of the Cyclone Rake Classic is approximately 85 - 90 pounds.

Here‚Äôs a quick summary of the weights:

Engine/Blower Unit: 85 pounds

Tongue Weight (Classic): 85 - 90 pounds

Total Assembled Weight: 200 pounds

If you have any more questions, please feel free to ask!","{""id"": ""Q - 180""}"
"{""input"": ""What is the part number for replacement Impeller for a          110 - Commercial PRO XR950 Pro?""}","Thanks for reaching out with your question! I‚Äôm happy to help you with this.

The replacement impeller for your 110 ‚Äì Commercial PRO with XR950 Pro engine is:
Part #02-03-021 ‚Äì 5-Blade Orange Impeller Replacement Kit ‚Äì XR950 and 6.5 HP Vanguard Cyclonic

This is the correct impeller for your model and includes all the necessary hardware for installation.

Let me know if you need help placing the order or installing the new part!","{""id"": ""Q - 149""}"
"{""input"": ""What is the part number for replacement Engine for a                    105 - Classic with 6.5 Vanguard Phase 1 engine?""}","Thank you so much for reaching out with your question! I'm happy to help you with this.

For your Cyclone Rake 105 - Classic, originally equipped with the 6.5HP Vanguard Phase 1 engine, you have two replacement engine options:

Part #01-04-158 ‚Äì Briggs & Stratton XR950 PRO Engine Upgrade Kit
(A reliable upgrade providing excellent performance.)

Part #01-04-306 ‚Äì Briggs & Stratton 6.5HP Vanguard Cyclonic Upgrade Kit
(Features improved air filtration and enhanced durability.)

To help you choose the right option for your needs, we've put together a detailed comparison here:

XR950 PRO vs 6.5HP Cyclonic Vanguard Engine Comparison

If you need anything else, please let me know!","{""id"": ""Q - 158""}"
"{""input"": ""What is the part number for replacement Impeller for a          Classic Vanguard Phase 1 ?""}","Thank you so much for reaching out with your question! I'm happy to help you with this.

For your Cyclone Rake Classic with a 6.5 HP Vanguard Phase 1 engine, the correct replacement impeller options are:

Part #02-03-017 ‚Äì 4-Blade Yellow Impeller with Hardware Kit
(This is the original impeller replacement for your unit.)

Part #02-03-020 ‚Äì 5-Blade Orange Impeller with Hardware Kit
(This is an upgraded option offering around 25% more suction compared to the original.)

Feel free to reach out if you have any other questions!","{""id"": ""Q - 150""}"
"{""input"": ""What is the Diameter of hole in the clevis pin and the cotter pin(Bridge pin)?""}","Thanks for reaching out with your question! I'm happy to help you with this.

Here are the dimensions you're looking for:

Clevis Pin Hole Diameter: 0.75 mm (0.0295 in)

Cotter Pin Diameter: 2.2 mm (0.0870 in)

These sizes are standard for securing parts on your Cyclone Rake, and they‚Äôre matched to ensure a snug and secure fit.

Let me know if you're replacing parts or need help finding the correct hardware‚ÄîI'm glad to assist!","{""id"": ""Q - 229""}"
"{""input"": ""Can the Cyclone Rake connect to a Power Take Off Feature? PTO""}","Thanks for reaching out with your question! I'm happy to help you with this.

The Cyclone Rake does not connect to a tractor‚Äôs PTO (Power Take-Off) system. Instead, it‚Äôs designed with its own Briggs & Stratton engine, which powers the vacuum independently of your tractor.

Here‚Äôs why that‚Äôs a benefit:
You don‚Äôt need to rely on your tractor‚Äôs PTO or worry about compatibility

The Cyclone Rake engine provides consistent, reliable performance all on its own

Your PTO remains free for other attachments when needed

You can find more helpful details on tractor and mower compatibility here:
Cyclone Rake Mower Compatibility Guide

Let me know your tractor‚Äôs make and model if you‚Äôd like help confirming the best setup!","{""id"": ""Q - 223""}"
"{""input"": ""I bought a used Cyclone Rake. Can you tell me which model I have?""}","Thank you so much for reaching out with your question! I‚Äôm happy to help you identify your Cyclone Rake model.

Congrats on your pre-owned Cyclone Rake!
We can definitely help you figure out which model you have. There are a couple of ways to do this:

Option 1: Previous Owner Lookup
If you know the name of the original owner, we can check our records (if they purchased directly from us). That‚Äôs the fastest way to confirm the exact model and configuration.

Option 2: Visual & Measurement Clues
If you don‚Äôt have that info, no problem! Please take a look at these features and send us your answers:

Collector Bag Color: Is it green or black?

Collector Bag Shape: Is it wider in the back or uniform all around?

Deck Hose Size: What‚Äôs the inside diameter of the hose?

7-inch

8-inch

10-inch

Engine Info: Check for a label on the engine ‚Äî what‚Äôs the horsepower and model number?

Photos Help!
If you can, send us a few clear photos of the:

Engine

Collector bag

Blower housing

Chassis/frame area

With this info, we‚Äôll be able to identify your model and guide you on compatible parts or upgrades.

Looking forward to helping you get the most out of your Cyclone Rake!","{""id"": ""Q - 192""}"
"{""input"": ""What is the part number for replacement Impeller for a          109 - Commander 6.5 Vanguard Phse 1""}","Thanks for reaching out with your question! I looked into the replacement parts for your 109 ‚Äì Commander with the 6.5 HP Vanguard Phase 1 engine, and here are your compatible impeller options:

Available Impeller Options:
Part #02-03-017 ‚Äì 4-Blade Yellow Impeller with Hardware Kit
This is the original replacement impeller designed for your unit.

Part #02-03-020 ‚Äì 5-Blade Orange Impeller with Hardware Kit
This is an upgraded option that delivers around 25% more suction than the original.

Either one will fit your Commander model, depending on whether you prefer the standard performance or an extra boost in suction.

Let me know if you‚Äôd like help placing an order or if you have any other questions!","{""id"": ""Q - 148""}"
"{""input"": ""What is the tongue weight of the Cyclone Rake Z10?""}","Thank you so much for reaching out with your question! I'm happy to help you with this.

The tongue weight of the Cyclone Rake Z10 is approximately 120 pounds.

Here‚Äôs a quick breakdown of weights for your reference:

Engine/Blower Unit: 110 pounds

Tongue Weight (Z10): ~120 pounds

Total Assembled Weight: 250 pounds

If you need anything else, feel free to ask!","{""id"": ""Q - 184""}"
"{""input"": ""What is the part number for replacement collector bag for the 102 - Commercial Commercial model?""}","Thank you so much for reaching out with your question! I'm happy to help you with this.

The correct replacement collector bag for the Cyclone Rake Commercial model (unit 102) is part number 04-03-303. 

If you need any additional parts, feel free to let me know‚ÄîI‚Äôll be happy to assist.","{""id"": ""Q - 135""}"
"{""input"": ""What is the part number for replacement collector bag for the 104 - Commercial PRO Commercial Pro model?""}","Thank you so much for reaching out with your question! I'm happy to help you with this.

The correct replacement collector bag for the Cyclone Rake Commercial PRO (model 104) is part number 05-03-308. 

If you‚Äôre also looking for other replacement parts, just let me know and I‚Äôd be glad to help with that too.","{""id"": ""Q - 136""}"
"{""input"": ""What is the part number for Replacement Chassis for  103 - PRO 7"" Pro?""}","Thank you so much for reaching out with your question! I'm happy to help you with this.

The correct replacement chassis for your Cyclone Rake 103 - PRO 7"" Pro model is:

Part #01-01-600A ‚Äì Chassis Unit Complete (31-3/4 inches wide)

If there's anything else you need, please don't hesitate to ask!","{""id"": ""Q - 173""}"
"{""input"": ""What is the part number for replacement collector bag for the 106 - Commander PRO JetPath Commander Pro model?""}","Thank you so much for reaching out with your question! I'm happy to help you with this.

For your 106 ‚Äì Commander PRO model with the 8"" JetPath system, the correct replacement collector bag is:

Part #03-03-308 ‚Äì Commander Collector Bag (Velcro style)

You can view and order the replacement bag here:
Commander Collector Bag ‚Äì Velcro

Let me know if you need help installing it or have any other questions!","{""id"": ""Q - 134""}"
"{""input"": ""Can I buy one half of the roof rack carrier?""}","Thank you so much for reaching out with your question! I'm happy to help you with this.

If you need to replace one side or strut of the Roof Rack Carrier, you‚Äôll need to purchase the entire Roof Rack Carrier assembly, as we don‚Äôt offer the individual struts separately.

Let me know if you'd like help placing an order or if you have any other questions‚ÄîI‚Äôm here to help!","{""id"": ""Q - 203""}"
"{""input"": ""Can I buy the liner separate and install it myself?""}","Among the parts we sell, the blower housing liner is the only one not sold separately and we want to share with you why.

With 25 years of experience selling and supporting Cyclone Rakes, we have a deep understanding of its operation and how parts wear.

As materials move through the blower housing, the liner protects the inside of the housing from the abrasive conditions. If the liner wears through, it exposes the housing to the abrasion, resulting in a failure. Furthermore, we have found that when the liner fails, the housing can also experience excessive wear.

The reason for not selling it separately is that an improperly installed liner could cause other problems and pose safety concerns. A properly seated liner is critical since the impeller must never come in contact with the liner. If this occurs, it can create chips in the impeller and lead to an ‚Äúout-of-round situation‚Äù, which can damage both the impeller and the engine. As you can understand, a liner that has not been installed properly and comes loose during operation is also a safety hazard that we take very seriously.

We understand many of our customers are handy around the shop and take very good care of their tools. We're not here to tell you how to maintain your property and respect your decision to use and repair your tools as you see fit. However, we also want you to understand why we made this decision and why it is in place today.","{""id"": ""Q - 204""}"
"{""input"": ""What is the part number for replacement collector bag for the Z10 model?""}",Part #05-03-308,"{""id"": ""Q - 130""}"
"{""input"": ""What is the part number for a Latch Upgrade Kit on a Classic Collector Bag?""}","Thank you so much for reaching out with your question! I'm happy to help you with this.

The correct replacement part number for the Latch Upgrade Kit for your Classic Collector Bag is:

Part #01-02-010 ‚Äì Latch Upgrade Kit (for old-style Collector Bag with elastic collar)

If you have any additional questions or need further assistance, please let me know!","{""id"": ""Q - 172""}"
"{""input"": ""What is the part number for a Collector bag repair kit?""}","Thank you so much for reaching out with your question! I'm happy to help you with this.

Since you own a 101-Stand Complete Platinum Cyclone Rake, the correct part number for the Collector Bag Repair Kit is 01-04-152. This kit includes everything you‚Äôll need to patch small holes or tears in your collector bag‚Äîgreen fabric patch, patching tape, alcohol pads, and a tube of vinyl adhesive. It‚Äôs a great way to keep your equipment in top shape without needing a full replacement.

You can find the kit here:
Green Cloth Repair Kit ‚Äì Complete

And here‚Äôs a helpful article that walks through the repair process:
Repairing Your Cyclone Rake Collector Bag

Let me know if there‚Äôs anything else I can do for you!","{""id"": ""Q - 128""}"
"{""input"": ""What is the part number for replacement Engine for a                    109 - Commander Commander?""}","Thank you so much for reaching out with your question! I'm happy to help you with this.

For your Cyclone Rake 109 ‚Äì Commander model, there are a few different engine replacement options depending on the engine currently installed on your unit.

If you're replacing a Tecumseh, Briggs & Stratton Intek‚Ñ¢, or an older 6.5HP Vanguard (Phase I or II):
Part #01-04-158 ‚Äì Briggs & Stratton XR950 PRO Engine Upgrade Kit

Part #01-04-306 ‚Äì Briggs & Stratton 6.5HP Vanguard Cyclonic Upgrade Kit

These upgrade kits include all necessary components to convert your current setup to the latest engine design.

If you already have the XR950 PRO or 6.5HP Vanguard Cyclonic:
Part #04-02-302 ‚Äì Briggs & Stratton XR950 PRO Replacement Kit

Part #01-04-307 ‚Äì Briggs & Stratton 6.5HP Vanguard Cyclonic Replacement Kit

Let me know which engine you currently have, and I‚Äôd be glad to confirm the right kit for your setup.

You can find more info here:
Commander Replacement Parts","{""id"": ""Q - 163""}"
"{""input"": ""Can a fabric repair kit help repair the pocket for the side tube?""}","Thank you so much for reaching out with your question! I'm happy to help you with this.

While the fabric repair kit is great for patching small tears on the collector bag, it‚Äôs not strong enough for repairing the side tube pocket, which handles a lot more stress and weight.

Here are your options for side tube pocket damage:
Try a DIY repair: Use heavy-duty fishing line or outdoor-grade thread to sew the tear closed. Reinforce the stitching well, since this part of the bag supports a lot of pressure.

Replace the collector bag: If sewing isn't practical or the damage is extensive, the best long-term solution is to replace the entire collector bag.

Let me know if you'd like help ordering a replacement or have any questions about the repair!","{""id"": ""Q - 194""}"
"{""input"": ""What is the part number for replacement Impeller for a          105 - Classic Classic (XR or Cyclonic Models)?""}","Thank you so much for reaching out with your question! I'm happy to help you with this.

For your 105 ‚Äì Classic model equipped with the XR950 PRO engine, you have two great options for a replacement impeller:

Part #02-03-018 ‚Äì 4-Blade Yellow Impeller Replacement Kit
This is the standard replacement for the XR950 and 6.5HP Vanguard Cyclonic engines.

Part #02-03-021 ‚Äì 5-Blade Orange Impeller Replacement Kit
This upgraded impeller gives you increased suction power and performance, ideal for heavier leaf loads or damp material.

Both kits include the hardware you need for installation. If you'd like to see how to replace the impeller, here‚Äôs a handy guide:
Replacing Your Cyclone Rake Impeller

You can also explore other replacement parts for your unit in the
Aftermarket Parts section of our website.

Let me know if you‚Äôd like help choosing the best option or placing an order!","{""id"": ""Q - 142""}"
"{""input"": ""What is the part number for Replacement Blower Unit for a Commercial PRO with a Cyclonic engine?""}","Thank you so much for reaching out with your question! I'm happy to help you with this.

For your Cyclone Rake Commercial PRO model with a Cyclonic engine, the correct replacement blower unit options are:

Part #01-04-104 ‚Äì Commercial PRO (Standard Liner, with 5-Blade Impeller)
(Complete blower kit including impeller, with standard liner.)

Part #01-04-107 ‚Äì Commercial PRO JetPath (Blue Diamond Liner, with 5-Blade Impeller)
(Complete blower kit including impeller, with upgraded Blue Diamond liner for enhanced durability.)

If you prefer the blower replacement without an impeller, you have these options:

Part #01-03-103 ‚Äì PRO (Standard Liner, No Impeller)

Part #01-03-106 ‚Äì Commander PRO JetPath (Blue Diamond Liner, No Impeller)

Please let me know if you have any further questions or need additional assistance!","{""id"": ""Q - 153""}"
"{""input"": ""What is the part number for replacement Impeller for a          103 - PRO Pro 7"" (Not XR or Cyclonic)?""}","Thanks for reaching out with your question! I looked into this for your 103 ‚Äì PRO with the standard 7"" JetPath, and here‚Äôs what you need to know.

You have two compatible impeller options:
Part #02-03-017 ‚Äì 4-Blade Yellow Impeller with Hardware Kit
This is the original replacement for your model.
4-Blade Yellow Impeller ‚Äì Tecumseh, Intek Phase 1 & 2, Vanguard

Part #02-03-020 ‚Äì 5-Blade Orange Impeller with Hardware Kit
This upgraded impeller delivers 25% more suction and fits your unit as well.
5-Blade Orange Impeller ‚Äì Intek Phase I & II, Vanguard

Let me know if you‚Äôd like help choosing between the two or placing an order!","{""id"": ""Q - 151""}"
"{""input"": ""Can Cyclone Rake be used to clean up stump chip debris?""}","Thank you so much for reaching out with your question! I'm happy to help you with this.

The Cyclone Rake is not recommended for cleaning up stump chip debris. While it‚Äôs great for leaves, grass, and light yard waste, stump grinding chips are typically too heavy and dense for the system to handle effectively.

Here's why:
The extension hose can‚Äôt generate enough lift for heavy wood debris

Chips may clog the hose or strain the impeller and engine

It can lead to reduced performance or potential damage over time

For cleanup after stump grinding, we recommend using a shovel, rake, or front-end loader instead.

Let me know if you have any other questions‚ÄîI‚Äôm here to help!","{""id"": ""Q - 195""}"
"{""input"": ""What is the part number for replacement collector bag for the 105 - Classic model?""}","Thank you so much for reaching out with your question! I'm happy to help you with this.

For the Cyclone Rake Classic model (unit 105), you have two options for a replacement collector bag, depending on the capacity you'd like:

Part #01-03-308 ‚Äì Standard 200-gallon collector bag (original size for the Classic)

Part #03-03-303 ‚Äì Optional upgrade to the 285-gallon collector bag (used on the Commercial model, compatible with your unit)

Both options come ready to install, so you can choose based on your yard size and how often you want to unload.

You can browse more details here:
Classic Replacement Parts","{""id"": ""Q - 137""}"
"{""input"": ""Can I use my Cyclone Rake or engine in a high altitude environment?""}","Thank you so much for reaching out with your question! I'm happy to help you with this.

Yes, you can use your Cyclone Rake and engine in high-altitude environments, but there are a few key adjustments to ensure proper performance and compliance.

What to Know About High Altitude Operation:
Fuel Requirement:
At elevations over 5,000 feet (1,524 meters), use fuel with a minimum 85 octane / 85 AKI (89 RON) rating.

Engine Adjustment Needed:
Engines operating at high altitudes may require a carburetor adjustment to maintain:

Proper fuel-to-air mixture

Emissions compliance

Optimal performance
Running without this adjustment can cause fouled spark plugs, hard starts, excess fuel use, and reduced power.

When to Consider Adjustments:
If you're operating at 3,000‚Äì4,000 feet or higher and notice your engine is running ‚Äúrich,‚Äù it‚Äôs a sign you may need to adjust.

What to Do:
We recommend contacting a Briggs & Stratton authorized dealer for a proper high-altitude kit or carburetor adjustment. They can make the necessary modifications based on your elevation.

Let me know if you need help locating a service center near you!","{""id"": ""Q - 217""}"
"{""input"": ""What is the part number for replacement collector bag for the 110 - Commercial PRO Commercial Pro model?""}","Thank you so much for reaching out with your question! I'm happy to help you with this.

For your 110 ‚Äì Commercial PRO model, the correct part number for the replacement collector bag is 05-03-308. This is the full Velcro-style collector bag assembly that fits the Commercial PRO, XL, and Z-10 models.

You can find the replacement bag here:
Commercial PRO, XL, and Z-10 Collector Bag ‚Äì Velcro

Let me know if you need help with installation or anything else!","{""id"": ""Q - 132""}"
"{""input"": ""What is the part number for replacement Engine for a                    XL?""}","Thank you so much for reaching out with your question! I'm happy to help you with this.

For your Cyclone Rake XL, there are two replacement engine options available:

Part #05-02-302 ‚Äì Briggs & Stratton 8HP Vanguard Phase II (Pull-Start)
(Standard manual pull-start option.)

Part #05-02-302E ‚Äì Briggs & Stratton 8HP Vanguard Phase II (Electric-Start)
(Upgraded option featuring convenient electric start.)

To help you decide whether the electric-start option is right for you, we've created a helpful article comparing the two:

Electric Start Engine Benefits

If you have any other questions, please let me know!","{""id"": ""Q - 159""}"
"{""input"": ""What is the part number for replacement Impeller for a          105 - Classic Classic (Not XR or Cyclonic)?""}","Thank you so much for reaching out with your question! I'm happy to help you with this.

For your 105 ‚Äì Classic model with a Vanguard 6.5HP Phase 1 engine, you have two compatible replacement impeller options:

Part #02-03-017 ‚Äì 4-Blade Yellow Impeller w/ Hardware Kit
This is the standard replacement for Tecumseh, INTEK, and Phase 1 & 2 Vanguard engines.

Part #02-03-020 ‚Äì 5-Blade Orange Impeller w/ Hardware Kit
This upgraded version delivers about 25% more suction power, which is great if you're handling heavier or more compacted debris.

You can view the installation guide here:
Replacing Your Cyclone Rake Impeller

And for other parts you may need, check out the
Aftermarket Parts section on our website.

Let me know if you‚Äôd like help choosing the right option or placing your order!","{""id"": ""Q - 143""}"
"{""input"": ""What is the part number for 7"" x 8"" MDA collar?""}","Thank you so much for reaching out with your question! I'm happy to help you with this.

The correct part number for the 7"" x 8"" MDA Collar is:

Part #01-02-486 ‚Äì 7"" x 8"" MDA Collar, with Latches and Band Clamp

Please let me know if you have any other questions‚ÄîI'm here to help!","{""id"": ""Q - 176""}"
"{""input"": ""Can I add an electric start to my pull-start engine?""}","Unfortunately we don't sell an electric starter kit that can be added to a pull-start engine. You may be able to contact Briggs & Stratton to ask if they would be able to retro fit an electric starter kit to your engine. However, it wouldn't be easy or cheap. They would have to tear apart the engine and add a gear to the flywheel, starter motor, wiring, key switch and battery. We do have complete electric start engines, but only for our XL and Z-10 models.","{""id"": ""Q - 185""}"
"{""input"": ""Can I use the Rake to Vacuum out insulation from my attic or saw dust from my shop?""}","Thanks for reaching out with your question! I'm happy to help you with this.

The Cyclone Rake is not designed for use with insulation or sawdust‚Äîit‚Äôs specifically built to collect organic yard debris like leaves, grass, and small twigs, either from your mower deck or using the Power Vacuum Pickup.

Here‚Äôs why it‚Äôs not suitable for insulation or sawdust:
The system isn‚Äôt sealed, so fine materials like sawdust or insulation would be blown out through the top screen, creating a bigger mess.

The blower unit is designed to process outdoor debris, not lightweight or airborne materials like attic insulation.

It could also lead to clogs or premature wear on parts not intended for this kind of material.

To keep your Cyclone Rake working its best, we recommend using it only for outdoor yard cleanup.

Let me know if you have questions about any other uses or attachments‚Äîwe‚Äôre always here to help!","{""id"": ""Q - 221""}"
"{""input"": ""Why Are My Wheels Shaking So Much!?""}","It's not uncommon to notice some wheel shaking or wobbling when using your Cyclone Rake. While a certain amount of movement is actually by design, excessive shaking can be addressed with a few simple adjustments.

Our engineers purposely designed the Cyclone Rake wheels with some flexibility to help navigate bumpy terrain. If you're experiencing more wheel movement than seems normal, consider these common factors:

1. Operating Speed

Wheels tend to shake more at higher speeds, especially on hard surfaces like pavement or concrete
Try reducing your speed to see if this reduces the shaking
Remember that the Cyclone Rake is designed primarily for use on lawn surfaces, not for high-speed transportation

2. Load Distribution

An empty collector can lead to more noticeable wobbling
As the collector fills, the added weight often stabilizes the wheels
This is why the shaking might decrease as you collect more debris

3. Surface Type

Hard, flat surfaces like driveways or pavement tend to amplify wheel movement
Softer surfaces like grass and soil naturally dampen vibrations
The wheels will typically shake less on the turf areas where you'll be doing most of your work

Quick Fixes for Wheel Shaking

Adjust Tire Pressure
One of the most effective solutions is ensuring proper tire inflation:
Dual-PRO Super Wheels: Maintain 12-15 PSI per tire
Single Wheels: Maintain 20-25 PSI per tire
Use slower speeds when operating on hard surfaces
Take turns more gradually
Avoid rapid acceleration and deceleration

Incorrect tire pressure is frequently the cause of excessive wheel shaking. Check your pressure and adjust accordingly.","{""id"": ""Q - 190""}"
"{""input"": ""Do I have to charge the battery on my electric start engine every time?""}","Thanks for reaching out with your question! I'm happy to help you with this.

You don‚Äôt need to charge the battery after every use on your electric start engine. The engine includes an alternator that recharges the battery while it's running, so under normal use, it stays topped off.

When should you charge it?
If the engine will sit unused for 3 months or more, we do recommend plugging it in to charge using the original charger that came with your unit.

This helps maintain the battery‚Äôs health and ensures it‚Äôll be ready to go when you need it next.

For more tips and guidance, check out these helpful articles:

Electric Start Engine Tips & FAQs

Charging Your Cyclone Rake Electric Start Battery ‚Äì Step-by-Step Guide

Let me know if you have any other battery or engine questions‚ÄîI‚Äôm always here to help.","{""id"": ""Q - 232""}"
"{""input"": ""Can I store my Cyclone Rake dry?""}","Thank you so much for reaching out with your question! I'm happy to help you with this.

While it may seem convenient, we don‚Äôt recommend storing your Cyclone Rake engine dry for long periods. Here‚Äôs why:

Why You Shouldn‚Äôt Store It Dry:
Even though we ship the engine without fluids, small amounts of oil and fuel residue are left behind from factory testing

Over time, these residues can dry out and cause internal issues, like stuck valves or gummed-up fuel components

If You Do Choose to Store It Dry:
Plan to take it out of storage in early spring (around March)

Add fresh oil, gas, and fuel stabilizer

Run the engine for about 30 minutes to circulate fluids and keep internal parts in good shape

After that, you can let it cool and store it again until fall if needed

This helps prevent startup issues and keeps your engine healthy during the off-season.

Let me know if you'd like guidance on proper storage or spring startup steps!","{""id"": ""Q - 213""}"
"{""input"": ""Can I use a Cyclone Rake alongside a Mulching Kit?""}","Thank you so much for reaching out with your question! I'm happy to help you with this.

Unfortunately, you cannot use a mulching kit while your Cyclone Rake is connected to your mower. The two systems are not compatible during operation.

Here's why:
Mulching kits block the mower‚Äôs discharge chute, which is exactly where the Cyclone Rake connects

The Cyclone Rake requires a completely open discharge chute to generate proper airflow and suction

The mulching cover or plug physically interferes with the Mower Deck Adapter (MDA) or rubber collar connection

What You‚Äôll Need to Do:
To use the Cyclone Rake:

Remove the mulching kit

Ensure the chute is clear

Attach the MDA and hose as instructed

To mulch again:

Disconnect the Cyclone Rake

Reinstall the mulching kit

Let me know if you need help removing the kit or setting up your MDA‚ÄîI‚Äôm here to help!","{""id"": ""Q - 214""}"
"{""input"": ""Can I put an 8 or 10hp engine on smaller rake""}","Thanks for reaching out with your question! I'm happy to help you with this.

You can‚Äôt install an 8HP or 10HP engine onto one of our smaller Cyclone Rake models. Each Cyclone Rake is designed with a specific engine and blower configuration to ensure everything lines up and functions properly.

Here‚Äôs why we don‚Äôt recommend it:
The shaft height of a larger engine won‚Äôt align correctly with the blower unit

The impeller would not sit properly inside the housing, which can affect performance and safety

Each unit is engineered and tested as a complete system, so mixing components can cause major issues

We always recommend using the original engine model matched to your Cyclone Rake to keep it running safely and effectively.

Let me know which model you have‚ÄîI‚Äôd be glad to confirm the correct engine or upgrade options for you.","{""id"": ""Q - 211""}"
"{""input"": ""109 - Commander* vs 110 - Commercial Pro*, which one is quieter?""}",The 109 - Commander* is much quieter than the 110 - Commercial Pro.,"{""id"": ""Q - 012""}"
"{""input"": ""How to get missing items for my new 107 - Commercial Pro 8"" Jetpath?""}",We'll ship this directly to the customer.,"{""id"": ""Q - 013""}"
"{""input"": ""What lawn-and-leaf vacuum do you recommend for my dad?""}",102 - Commercial is a great vacuum for small backyards.,"{""id"": ""Q - 016""}"
